,Normal,Pathological,Suspect,accuracy,macro avg,weighted avg
precision,0.9529411764705882,0.8837209302325582,0.8941176470588236,0.9404388714733543,0.9102599179206566,0.9391806646111094
recall,0.9798387096774194,0.926829268292683,0.7524752475247525,0.9404388714733543,0.8863810751649517,0.9404388714733543
f1-score,0.9662027833001988,0.9047619047619047,0.8172043010752688,0.9404388714733543,0.8960563297124574,0.938666854264481
support,496.0,41.0,101.0,0.9404388714733543,638.0,638.0
