,Normal,Pathological,Suspect,accuracy,macro avg,weighted avg
precision,0.9528487229862476,0.8444444444444444,0.9047619047619048,0.9388714733542319,0.9006850240641989,0.938269813799927
recall,0.9778225806451613,0.926829268292683,0.7524752475247525,0.9388714733542319,0.885709032154199,0.9388714733542319
f1-score,0.9651741293532339,0.8837209302325582,0.8216216216216216,0.9388714733542319,0.8901722270691379,0.9372142791262111
support,496.0,41.0,101.0,0.9388714733542319,638.0,638.0
